custom-id-1,expected-gfa
34245,2043.06
112509,3792.4
22070,4016.53
69034,3943.64
34209,1770.3
44431,1933.04
96996,4348.59
43671,1656.16
54658,2142.48
54654,1217.36
63078,2459.4
64493,14202.95
71939,1701.22
77257,5410.44
43400,1896.63
54577,3547.8
22145,1209.42
62534,5503.2
43872,1405.44
68358,4127.97
54576,5678.5
54659,1165.63
75062,1213.82
87292,2087.5
44687,1592.72
34248,2283.45
92567,8410.48
43870,2918.72
43444,1509.06
44513,3840.18
44115,1575.6
81203,4403.44
43911,2161.02
106314,1507.89
44429,1472.64
68151,8184
106755,22404.06
6369,2063.98
83490,22503.4
89465,3780.62
60936,1225
22378,1793.58
75480,7211.08
43956,1097.48
44574,11068.64
92728,6127.42
44678,1204.97
54598,4567.98
56522,1548.64
58412,3853.88
36632,984.21
44150,3384.08
43893,3520.11
62236,3707.4
56525,1036.73
43746,3204.78
43744,2386.56
55072,2118.36
34445,973.11
44105,1197.16
34425,1065.87
44000,4780.1
70646,1599.12
55063,3079.68
58418,2927.45
22234,3161.34
44128,2036.76
54730,2507.02
69904,2258.8
44430,2005.88
44887,981.54
44889,1120.26
43739,1260.09
34396,4644.65
6200,1594.54
52309,1852.9
52325,5314.36
32748,1552.41
18584,1240.6
62652,4159.8
116423,1335.9
55108,1869.54
55109,1573.4
39971,1778.2
43740,3099.27
107950,4185.36
80663,2773.95
43672,2068.02
44640,7379.97
44575,17038.08
43712,1257.54
43840,1935.51
101390,31699.2
44685,3231.48
43685,1301.73
113847,3611.56
43884,2918.64
43871,2188.32
44736,1399.32
92367,8178.93
44104,1174.77
43720,3370.5
43745,3744.24
39246,1220.7
43797,3936.92
43963,2373.65
22143,14122.26
22379,1885.64
44080,2597.1
22301,2664.72
44160,1978.6
104716,1254.93
83905,9585.48
43773,1884.66
43784,3353.4
43865,3800.94
44676,2764.98
44441,2760
43912,931.26
98407,3437.7
72950,1972.17
37128,1229.4
44351,9102.8
43887,1559.1
44081,2943.84
33967,976.38
44762,7357.1
43729,2111.76
43829,4853.48
43686,1728.93
43799,3201.24
56526,930.26
22302,5275.4
89590,1604.16
43890,2561.84
78056,2106.51
95633,4051.35
44125,1725.88
22322,1634.58
43721,2635.53
43984,6820.47
33927,7832
56538,8016.56
59704,1176.58
92774,1720.8
44371,4108.44
43839,2846.97
96504,2215.8
43888,1301.31
43738,2041.95
43332,1137.9
56022,1666.92
44297,1216.52
56009,3194.85
44373,2643.2
56135,4976.07
36482,1485.69
56171,5597.22
44584,1063.11
22069,2495.23
43864,2506.52
7174,1453.17
112220,3434.1
18586,2415.98
44387,2116.84
47783,4111.42
43673,3484.28
43653,1150.53
43695,3189
50283,1251
50285,934.46
50288,960.62
50284,930.18
50270,933.1
50271,949.66
50272,947.32
56532,4401.84
43909,1462.2
36292,959.46
50831,1169.53
50832,7664.53
44294,3644.2
22068,2090.39
36490,1053.84
34013,8511.6
112316,6629.92
109115,6771.54
43660,1258.26
22460,1910.48
44891,4262.16
43913,5849.7
43710,2209.05
124414,7621.28
50306,9570.05
43727,2222.94
132958,2341.35
51473,3994.4
51472,4010.56
51475,4092.52
91110,2450.52
6525,1405.61
44821,4763
43817,2339.16
43868,2018.04
22072,3304.47
22076,1216.06
22313,1178.17
22077,935.43
22075,1073.91
22073,1687.66
22074,975.66
43792,1485.14
52251,1255.52
63034,979.38
44339,2024.24
22232,1117.22
79884,2649.06
75502,5688.15
86860,941.9
62976,930.72
83112,1584.68
52254,9375.56
22424,12574.15
52255,6667.64
44566,3693.48
28380,948.16
22242,2001.28
22368,4399.28
22369,1937.3
26664,1137.2
22083,8715.78
22067,8382
77658,1458.45
61580,1570.06
44879,5404.86
91835,3347.6
44410,936.96
46976,3750.51
111137,18381.24
115806,8322.25
88506,6028.68
44674,932.83
43856,4486.88
61085,17387.3
44573,1342.94
98094,5727.04
44154,3343.12
94087,4538.6
31986,4568.01
33848,3377.4
110638,1082.38
33798,1273.42
100589,964.08
99122,7872.76
129339,1798.48
43859,2915.37
44129,1181.04
44292,1245.45
44569,4449.3
115979,4394.44
74923,4388.08
91304,5109.2
63282,1028.52
43736,2728.28
44130,1936.47
44158,1429.74
44669,6056.38
44665,1603.68
113369,1666.77
129094,9170.44
43881,4200.24
68991,2209.78
44673,3704.64
63406,2013.24
43771,1164.72
43861,2844.56
43850,1788.12
43791,2311.98
104941,3937.68
39235,933.46
43860,1622.79
44666,1305.72
43735,3257.32
20355,1128.42
50803,3064.56
50819,2412.66
50824,1551.54
43986,3409.32
34391,1164.28
44680,3084.96
82531,1591.4
44131,2782.2
43965,2284
44572,1571.76
44672,3314.13
44741,2865.36
43953,1040.64
43989,3678.06
44501,4094.32
44554,1987.53
43769,1515.36
43763,4167
96445,4473.35
22239,11539.5
43991,1747.83
44690,23113.36
43966,1776.52
128464,3691.96
43908,7716.12
71795,47390.84
43768,1966.76
43958,1299.09
44435,2391.54
96009,10613.54
43803,2257.8
63058,2390.55
110590,5066.36
43992,2514.64
63898,4665.72
43767,3421
43877,1324.65
125631,4918.53
7129,1029.27
6398,1250.55
110646,3005.1
43967,2706.42
43734,1436.37
77543,975.4
43718,1672.56
37097,1378.29
39967,1077.18
130116,17379.18
44567,2827.05
44570,1589.97
44056,1329.51
128484,2704.5
128987,5524.62
83538,3637.14
117893,4462.8
43988,2836.71
43968,1342.47
43993,2924.64
84950,5640.48
44147,2671.48
70845,2657.76
6524,1216.77
43994,2137.24
77018,2180.22
117809,962.56
96590,1138.23
56921,2522.1
97398,2303.82
57496,2855.91
58030,1124.22
83024,8353.35
33817,3176.32
44068,4434.3
68648,1378.63
102298,1050.27
44286,4921.88
90934,3754.28
60492,1050.03
34399,2005.88
43875,2638.25
44146,3727.28
44400,2424.75
44142,1011.42
7078,1067.3
7083,1531.18
33850,1636.1
34102,2031.06
34104,1393.72
119644,4736.94
100559,10018.5
6519,1168.14
6470,1056.02
6522,6482.46
6471,3926.46
44139,1464.63
22136,10991.77
99701,1441.89
73198,1780.54
128827,3548.94
44134,1094.16
44133,1340.97
22219,1580.65
43970,1772.44
44149,1114.38
60607,5236.91
78810,1921.45
44141,3284.56
120451,5759.28
7086,4639.56
86513,3784.92
6564,3819.48
43995,2796.92
44551,4057.56
40076,2108.97
44138,1741.41
117196,1341.86
44176,3120.69
64194,2520.68
44143,1741.92
60279,2501.7
44140,1288.74
44629,4828.26
43960,1464.81
34185,18801.35
32129,1054.66
71146,4714.95
79562,3169.71
43845,6371.04
43961,3872.88
34330,11123.12
44395,3200.26
43955,944.1
43954,2700.68
44052,4551.08
74008,1688.73
33963,6618.72
39860,1302.38
128396,2045.85
107514,6567.04
44397,2324.04
43830,3471.39
44051,6169.92
44164,1089.27
34051,1498.38
100171,1100.58
22261,1096.68
43852,2033.4
44896,2348.28
6385,962.62
108929,5469.78
65420,1669.2
128368,1181.16
44043,3956.38
43682,1107.12
109071,1044.8
44057,2585.04
39914,1089.99
78267,1953.39
43979,1605.03
43975,957.6
44162,1417.17
70091,2336
96238,1850.66
39915,1701.45
99117,2447.52
121477,4999.04
33968,1900.98
58994,2940.52
128714,4198.48
44053,4017.32
43805,958.8
44885,967.77
6402,1117.9
44396,8905.14
128321,1477.52
125617,3490.41
111985,1470.28
22245,1277.26
107814,2482.44
20540,1420.47
62174,1006.18
34210,2628.69
39932,929.54
43804,1368.81
44055,6089.32
43981,1074.27
44300,1207.86
44282,989.34
44415,2069.19
44816,7030.38
44270,1818.48
22413,1275.78
44031,1842.68
128611,3084.96
44269,1180.26
44174,1699.44
34376,3821.49
85380,1670.01
39934,1210.5
96025,4433.78
44221,2063.08
128494,2522.1
110519,1020.18
128246,1582.84
22357,12172.74
34217,1360.98
36494,938.7
36497,1351.74
82909,10767.7
100202,3905.85
43962,1856.56
128327,2285.32
44358,1029.3
44022,1149.84
44167,1249.38
71963,10223.3
36565,1258.77
89866,1992.99
7079,2286.27
33962,3688.02
44025,5956.96
102634,3138.44
69980,1037.49
44210,2391.21
44026,3133.86
44617,4300.98
44029,3652.38
101580,2210.55
36503,1075.8
39326,971.43
105820,5067.24
7076,2549.31
34284,10112.76
33946,4630.36
87844,1652.34
44219,1700.6
44721,4908.63
44168,1875.03
128262,1759.5
34820,1058.58
34105,2511.98
128397,5809.29
44218,4324.16
87633,8442.25
63036,8417.9
125728,3549.88
86443,6022.32
88109,2745.44
7077,3148.68
43844,2238.2
44028,1453.83
44724,2370.63
44032,5939.88
33873,5249.7
128414,1680.15
44883,1394.07
108839,1270.92
56991,11555.1
98210,18342.24
128265,4209.21
89939,1088.8
44616,1678.13
44375,7500.92
79109,3893.08
34379,1255.12
43659,1186.38
82456,4141.25
57091,1206.32
44033,2567.08
44054,1076.84
44204,4254.96
43999,8346.8
34378,1389.54
34373,1237.66
44027,3434.48
125725,3217.53
44691,20311.12
43821,1048.41
33948,3689.72
128371,7092.18
99649,2393.82
44044,1126.14
44047,1358.52
44036,2869.83
89915,939.47
44975,6352.29
44035,2573.04
44058,4594.16
128302,4899.56
92807,4550.24
124397,5508.92
43652,3088.29
124418,1163.86
128261,3845.96
34369,3734.58
123151,1102.54
34407,5258.58
44405,11503.72
44407,7204.96
92474,1906.45
44514,1397.13
43841,996.45
44716,5176.16
62835,10753.4
43843,2028.21
44424,1596.81
44423,1056.57
44034,4688.44
125734,2098.02
129879,2356.95
7835,1755.48
85394,1582.14
108674,8297.54
95895,109952.84
118353,1482.48
71163,1020.5
66450,1738.02
92580,5919.93
69193,2404.53
114331,1733.94
105696,1906.76
67008,4747
107117,3660.45
115643,1846.62
107287,4297.5
62239,1657.28
79766,3777.48
91608,9819.92
97977,1158.6
65055,9168.6
76652,1696.64
106711,1433.18
98296,6538.77
117786,5621.76
82231,981.49
101927,1163.78
66166,1543.78
105529,7243.06
91560,3312.38
72635,2083.41
65591,1108.06
79610,3601.66
43787,1102.56
96198,9027.84
123736,1681.39
119348,6342.18
6391,1256.61
74384,4912.1
44155,2212.04
44059,5018.88
75759,1328.82
44327,4335
62772,2137.04
44315,2403.3
89613,4403.01
43925,2092.16
13108,2570.3
6413,1268.06
82482,4512.6
58300,4315.96
130813,2152.68
44202,4894.44
44316,1609.14
123606,1118.14
84329,3468.54
95114,3736.12
44585,23741.45
44776,11732.24
44774,11324.58
48527,6534.12
132558,5008.05
132512,1117.77
43922,5177.32
44684,2556.88
101669,4610.6
44199,4201.64
33856,10341.84
44312,2317.65
44632,3233.91
44317,2338.65
44322,1419.3
98980,6714.24
105511,1649.81
105085,6327.21
44198,5519.88
60768,4669.29
107947,3592.53
43924,1679.64
44340,1644.92
62998,3444.4
67548,1019.59
113506,1632.27
77165,4230.7
136667,3997.14
44313,1594.17
44165,1377.87
103029,3932.86
67089,3895.12
44324,3231.81
44201,3125.2
44319,3008.82
44717,3824.82
44309,1471.48
69798,5069.72
34272,1138.54
101262,1749.2
43820,1939.04
106367,5103.03
58762,4239.3
102699,5266.2
44323,3067.53
85082,2433.59
117259,1589.58
89312,10062.38
44328,3174.27
133281,1167.9
33945,8358.92
33961,7001.24
44200,8884.68
72189,3755.16
97114,1896.57
44382,22092.44
109640,3102
75847,2195.48
109615,3242.15
100108,14032.08
73690,10426.36
105088,24975.52
82049,13574.82
44715,2684.28
81261,6327.12
107893,1604.22
43931,1986.69
43932,1175.58
44621,1236.8
43410,1510.83
70897,1496.22
98413,2216.28
43425,1006.65
43665,3193.48
34229,2112.82
34237,1209.32
44002,2167.56
43923,1079.88
33796,2075.73
6428,1235.22
87843,16703.37
44314,1047.75
44161,1325.01
121212,1149.78
44318,5615.1
44598,3267.39
57831,3000.96
44377,3889.74
43626,1172.88
74620,3073.86
44310,4804.44
64120,11879.72
95791,1327.88
122739,4532.39
79644,1506.75
130262,1231.47
43926,1807.29
96375,1787.23
44347,1939.7
44329,3148.95
116306,25730.28
44592,6997.84
34383,1066.02
101848,3602.46
82573,4940.34
67437,2000.07
44709,1063.26
44682,6643.4
65440,976.62
90356,1131.88
58701,3169.92
61185,5198.18
103880,59868.44
57244,7806.94
99155,1640.44
76597,25058.42
105018,4757.18
112800,999.24
44311,1263.36
44710,6968.94
64127,2110.35
90059,2522.91
43927,2445.47
121457,4608.73
44343,1940.01
43935,4711.14
44671,4783.59
98918,17093.7
108371,1695.96
85767,2773.26
81512,1964.64
115874,2917.95
43394,1510.8
44344,3815.48
132533,966.81
43928,2718.96
75477,5683.6
34364,1462
132170,1235.2
43929,2796.96
6379,1957.36
110182,6588.87
44766,1368.28
78330,2421.92
76517,5063.48
104164,2410.39
79432,13576.38
81195,7224.39
34312,21534.9
128079,3889.14
98910,2880.48
60305,3047.02
102647,3106.3
65685,3663.9
70728,3044.44
102005,3679.36
44006,1395.09
121854,6754.14
119981,10346.54
95981,4341.04
34157,1040.55
43933,2714.88
44326,3990.68
44357,934.56
44078,2826.96
44330,5274.4
44159,11832.72
34344,1245.55
56182,1452.44
34328,1420.58
127944,4579.23
60465,4237.29
69300,2002.59
3319,1131
120376,1989.17
3265,1294
119878,999.55
43378,1335.36
44325,8076.24
121521,1337.66
106150,6845.6
99963,1511.24
119185,2599.54
71778,2955.64
43382,1671.21
106775,4569.04
43936,1292.73
71188,6768.76
44321,3856.16
130167,8869.72
130166,1161.15
92340,2941.8
123144,4900.18
120973,1789.48
120715,980.1
121718,1976.5
119749,1036.26
123415,2435.44
121339,2288.72
123421,13597.92
119823,1993.66
122577,3582.66
85978,9979.44
64761,1226.19
116128,2106.7
130269,11287.02
91841,3027.36
99171,4366.48
128287,3571.48
120636,1145.93
44346,3744.16
44345,2345.88
90099,1486.18
106465,1050.4
50241,3640.67
44861,4874.94
44079,2062.72
34337,8428.21
34148,5320.24
34361,7037.1
44688,1490.31
111986,946.34
59573,1016.82
44352,2530.36
60935,4187.34
34159,14192.4
140261,946.96
116559,1471.67
130173,4890.22
34227,7950.94
131974,4247.7
123691,3280
44544,9129.39
119116,3599.44
44331,1954.74
44354,2417.66
80634,2895.8
43934,3306.66
43548,3403.95
44756,1721.38
97849,3312.84
112260,3332.91
44334,1614.9
44121,4242.84
44652,1025.23
125792,1130.76
90462,2245.23
120460,4907.68
130592,9222.6
127621,939.96
106625,4942.08
123746,1387.78
122549,27520.02
121493,2717.28
44355,1390.8
50405,23096.96
33855,8389.64
80791,11973.84
44546,4799.48
67212,4584.68
84498,2560.95
120865,2272
56952,1933.89
123706,953.92
132163,1980.94
99287,4270.32
77609,1414.24
110110,956.97
113658,954.96
116924,1920.12
132966,1344
119132,4503.97
130993,968.32
44650,6028.17
44649,5096.52
44654,45452.75
44336,2740.62
119783,970.57
120887,988.14
133101,3724.92
69239,1819.66
83245,957.9
133107,1250.7
120727,1049.9
118723,1487.5
119257,3245.02
49935,1041.83
109617,3937.89
112581,1345.89
74842,6821.36
63852,5976.24
69343,1779.12
117054,3474.2
110758,2246.44
57823,7714.26
82603,15092.52
110772,2223.46
115996,1552.5
89943,1403.86
44668,3357
50734,1398.44
34165,7115.04
133106,2014.72
133100,955.96
133103,4605.38
125338,2049.38
130510,2547.46
125327,4201.44
125373,2064.74
130511,3527.36
125408,1597.15
125378,1353.56
130506,5890.66
84435,4426.62
130149,4911.36
130146,69792.92
130150,5935.64
130142,6726.76
130140,3102.27
130141,2978.44
130143,1535.6
130139,3010.26
130145,9194.38
130151,14963.43
43940,3168.51
137101,1156.16
101314,5308.48
112213,1392.56
88364,960.08
44335,1211.73
115137,6386.25
132733,1603.71
49940,1429.32
133109,2764.28
133160,3186.15
114398,2565.07
70643,1950.85
125049,12965.6
133104,2563.56
125032,9320.3
125038,2478.8
127793,3978.48
127713,2458.9
127738,3443.85
137104,1768.47
137105,1768.44
133108,2954.79
68108,1670.68
75322,1565.26
64107,18395.5
109418,945.59
120339,2764.17
34362,3806.16
34367,5746.64
34365,2285.43
34368,5792.01
35216,1030.26
121561,10223.24
120097,1056.18
121237,43502.28
127131,1138.55
107152,1054.99
86466,9730.17
106620,1548.91
44628,1896.12
44620,1103.91
60171,1843.42
120966,4476.84
120331,2499.7
122654,2309.58
122227,3833.86
120170,1445.85
122473,1990.38
121381,1408.57
122786,4455.36
119111,1836.3
123139,1869.52
122098,1646.5
122419,2695.46
76978,4995.85
114118,3276.36
103666,11847.42
33857,5118.72
90772,4896.4
92023,6831.5
108997,1800
43939,1986.54
130672,6347.28
124383,3592.59
137174,1054.26
54736,6871.99
54731,1608.62
54732,1621.72
44626,1271.48
54328,2597.42
124788,933.87
133480,1199.97
138965,1151.2
133482,1681.41
34256,1005.33
72730,9291.96
13800,2189.56
55930,9839.37
54337,1323.59
76928,1375.77
128339,3428.72
128338,2935.89
52294,1353.4
59491,2463.89
89259,962.06
101888,6768.85
76330,1589.33
137251,1494.56
54737,1107.23
54350,2039.79
124763,3091.92
56134,1936.68
137178,2470.35
137179,2481.15
80270,9270.9
133495,1588.79
54738,1207.21
54323,1776.25
53865,5200.86
56520,6196.24
53864,1236.86
50248,1264.59
54363,982.66
124388,3463.28
54329,6906.36
125552,996.76
33897,1522.54
88633,1802.16
54358,950.47
54890,1480.29
53876,5694.66
53925,2994.78
53870,15416.86
53924,1970.1
53875,10712.4
128022,4194.81
50730,937.8
127652,5823.52
78177,1237.09
70469,1272.88
124385,2698.88
34305,2712.51
33821,4062.96
130250,1595.43
125718,4482.78
43941,1503.6
54739,1023.46
44644,4522.49
90486,1649.66
139573,3770.76
118879,1320.16
43971,1320.78
124386,6120.84
130251,1229.01
88079,1624.1
44647,1559.57
123949,1926.03
117669,1100.96
58500,1337.76
98594,1482.14
124384,3749.76
130205,1480.71
43976,1907.31
130252,1615.47
130253,1476
113564,3609.04
127591,1598.5
127245,1737.81
130457,31201.83
130202,8019.18
127289,4206.04
53020,1907.81
124755,1003.53
84527,1599.28
33956,2439.52
33960,2978.4
33831,2428.12
33959,2471.88
101759,6112.08
127284,1454.67
117665,3424.76
96602,15701.2
124392,1593.36
133762,5560.48
140460,1454.2
127230,1064.16
127560,6326.08
127212,986.7
125500,3685.08
127576,1615.11
128229,2639.76
110431,4950.8
114028,3454.13
75018,8499.76
104799,5057.36
121308,36235.2
82848,11303.04
33994,4749.76
71511,2766.67
128223,1967.38
44547,2211.6
60240,5383.12
115829,2361.53
34154,5054.65
33859,1357.44
127581,2322.76
53343,1419.78
43944,2334.18
116570,1485.59
7843,1325.64
62401,4775.55
88456,6206.26
65119,8391.08
56019,964.04
104096,1033.37
122962,4226.7
133769,1381.44
133381,1102.68
54046,3314.91
127590,3792.24
119622,1519.94
127546,3387.96
121573,1134.34
109185,2487.58
53741,6743.82
123458,2621.28
54049,7597.58
128228,1193.16
54052,4485.84
124790,1458.33
126476,15481.02
71749,1525.92
123412,12416.94
71927,4348.86
44394,1623.08
64372,15278.5
72619,7484.02
64478,4280.88
54527,6870.45
44399,7916.08
124391,4402.44
54058,3219.42
54050,6815.36
54068,4079.47
54571,4489.38
54522,2364.78
54575,5063.07
127271,5695.9
124282,1630.72
22464,1162.82
53118,1465.72
22384,1542.8
33944,4884.33
50711,5611.58
54572,4549.44
54116,3519.2
54115,1627.08
92258,6032.74
44510,1211.65
96228,1412.67
44086,1348.29
54574,4414.88
124783,2106.78
44083,1756.4
54573,10971.24
22507,1214.38
54112,1771.2
109180,3393.85
129839,1477.84
44085,1217.1
126008,1962.24
110576,2968.56
56067,1344.22
129503,989.06
56146,2971.74
54570,1186.7
6358,2596.16
21180,11787.18
44552,977.76
127443,4190.28
130144,15833.2
128215,1678.48
44543,1998.74
56156,1299.24
56148,1540.29
56113,1195.41
53553,3405.43
54125,2522.88
22013,1028.19
53750,4104.44
53554,1542.54
54156,1664.16
22294,1406.22
54124,5685.96
127459,946.65
129838,1026.75
43666,1113.06
104665,3121.14
54647,2792.73
52296,2016.16
22008,5561.42
22090,3873.15
22009,1003.41
127937,2851.8
54158,1852.92
53660,1129.29
54159,3500.31
78038,7889.8
98570,2785.96
22006,11007.58
22004,1868.78
22003,1389.75
22376,3363.38
22374,963.85
22375,2812.58
22089,5422.32
22001,2854.94
22088,4772.2
64647,5052.06
53762,1796.44
43800,2868.81
33862,5363.96
86321,3814.77
138573,1083.56
62963,1630.93
55019,2120.19
53759,957.71
44084,1013.88
55020,1433.76
111405,1591.39
54618,6439.56
55021,1346.55
33943,8424.45
53671,2944.56
54190,1985.62
54281,1520.6
53765,1289.34
125521,1241.04
22490,1086.42
22491,1088.99
22492,1354.89
33930,1790.86
111196,4788.02
76789,4502.06
53788,1028.36
54286,1364.04
95352,3711.48
44427,2720.58
83145,1149.3
53801,2702.31
53791,2454.08
53804,1124.21
111828,2247.81
64232,3975.4
44087,1904.91
118315,1610.98
53812,19914.96
44088,1794.08
33864,10425.6
85668,3103.17
73693,1365.93
71310,1772.28
94270,2285.82
53805,1291.26
44108,2983.41
44101,1321.64
112356,2915.65
44103,3969.84
43969,2477.07
99833,2425.48
44107,3333.6
44094,3236.34
33931,9993.76
33925,5641.11
33932,7497.64
114955,5847.45
92423,6263.82
44097,1557.28
44100,3108.03
127151,1627.5
44096,2396.2
44090,1253.25
53833,3011.64
44091,1282.77
44099,1174.56
34392,1629.03
75487,1359.77
53815,8737.62
44553,1020.57
43959,1045.29
33893,1061.56
32017,1366.56
44095,3141.64
126006,1677.84
127042,1061.81
106983,2525.58
75607,1336.68
126894,2390.28
81248,1168.98
11801,1463.52
13920,1300.44
33825,4238.1
60164,4993.68
103253,5027.85
44753,1556.73
117154,1175.72
128446,2374.1
22022,3975.45
44306,1816.08
93610,2068.26
44303,1601.28
122317,946.07
121893,1021.97
105082,1998.07
126877,1086.76
22467,1706.56
101082,14637.36
44305,3604.08
71029,9513.52
22023,1282.69
76082,3027.38
102783,1218.73
44287,2242.53
44283,2444.44
6330,1196.28
44284,1797.39
71497,7037.76
80920,9087.16
44288,1200.6
44302,3334.32
22249,1323.42
44290,3854.97
44285,2876.92
44304,2503.23
44293,3527.32
70119,7954.9
22112,1051.53
22264,6384.75
121639,2715.9
128485,1229.07
22178,3720.46
44735,1551.2
119933,1524.9
22114,1603.91
58141,1030.96
120075,1314.16
26086,1496.86
22021,3584.16
27850,1016.32
76476,1682.45
44548,1960.9
92928,2161.68
22412,6270.52
44203,4097.4
44414,1391.79
21953,3040.92
125519,1647.36
33868,3189.96
80431,4146.8
93921,2876.22
44209,2494.86
22019,10002.2
25816,1279.38
26081,1242.54
21952,2141.56
44743,1153.2
22102,2947.4
72679,1965.5
24833,1024.65
22260,2678
96101,2204.54
44625,1318.12
120225,1097.03
122301,1160.94
90528,938.91
22025,8979.72
22086,3353.88
44267,3935.12
128960,1025.13
44256,3105.54
94399,8385.46
43921,9486.12
44266,4335.16
91848,1240.28
71588,1196.46
74515,2946.76
22457,1791.49
21977,2939.95
22248,1589.22
59819,3909.16
128924,1938.63
22423,1584.5
22426,1196.05
22354,6509.8
21978,1128.51
21954,3910.8
130165,3932.54
44564,1803.8
21937,1941.68
22453,1811.4
22347,3595.98
22411,2769.14
22355,3520.92
44212,1747.8
96610,3172.25
76998,19967.82
57260,3397.45
22307,1810.02
21984,1039.63
33863,1930.83
61299,4108.4
118816,1307.28
112330,3295.9
110380,3682.84
21986,4955.72
44408,3747.51
103117,1682.08
77816,6310.28
111182,1020.56
93577,2023.41
107266,3790.59
81134,4611.12
88721,3657.15
111145,1048.04
89865,1068.29
92765,1387.76
73242,1253.94
59113,1660.8
107699,2486.9
113445,1213.41
83693,1008.62
68244,1393.88
62221,1339.7
21957,1981.5
70637,5353.77
22498,1158.7
22499,1211.22
59580,3328.28
22356,1728.44
71699,1922.18
22462,1150.28
21989,1268.01
44701,1001.86
22459,6544.2
120457,970.54
89785,2631.76
22222,3428.52
75642,8054.15
22433,7281.47
116401,1927.06
44263,2837.7
97596,2850
122829,5683.44
22285,9286.23
44265,3581.12
22091,17700.74
76075,5855.92
21988,4047.44
22346,10458.08
81365,2304.94
22092,1246.32
34221,3706.08
102296,3363.32
22432,4744.28
33958,2085.92
81895,11670.88
118373,4497.57
123704,6094.16
44240,5847.54
74455,2330.14
22418,1081.21
44241,4807.55
22051,1274.03
22050,9624.24
67218,2520.93
58935,2151.8
63732,2725.92
22476,1708.54
44242,4215.36
33957,3002.32
22093,3706.38
85072,977.11
22477,1150.56
22099,2709.86
22094,1868.17
112470,2593.16
34142,12117.15
22096,3018.5
21918,1094.74
21923,5038.38
22371,1460.16
21921,4313.02
21915,21334.44
22372,3772.78
22095,1941.28
34123,2767.04
34048,1638.8
34124,949.3
22097,3924.25
34137,10249.96
22394,1594.28
21917,4203.82
22098,1536.42
34127,3365.68
33954,3793.89
33953,2906.52
33952,3586.2
44728,1420.5
78683,5032.76
34138,2440.29
34134,13059.04
34136,6471.55
105342,3006.27
88926,18367.15
108224,3183.62
103582,5432.05
44779,7191
119167,5384.22
34012,4832.01
22085,5316.08
118943,4279.52
119035,1459.2
33928,3975.6
22407,2538.96
107938,2534.94
34331,11884.05
34099,2081.44
34128,1815
34049,953.85
22448,1226.28
44413,1271.64
44706,9829.2
22427,3338.84
22430,2964.32
22428,3297.72
22429,2962.48
22344,25713.72
34095,5560.4
44696,9981.16
22421,4917.72
22446,1701.72
102822,2296.48
105117,2543.31
44192,1305.18
76209,1062.22
98965,2256.52
33270,940.41
34131,1021.89
65522,1624.44
34009,1142.08
113782,9439.5
114493,1000.58
33852,3221.37
34110,5306.22
60662,1225.04
100045,6849.88
62536,1988.46
34067,3031.8
121933,3237.3
119892,1636.17
123385,1095.8
109914,22795.24
34065,2195.01
22449,6004.8
22451,5993.55
22450,5994.5
91958,2217.54
110311,4673.96
70142,2264.16
22084,1703.1
22475,1647.98
93670,101138.68
22486,3390.94
22474,1347.62
62817,2164.23
122818,1694.36
33939,1665.3
34071,1486.48
99418,5869.52
59947,1523.88
82702,4140.12
98810,2258.61
34190,1660.44
86476,2541.84
34189,1680.5
84327,10612.34
104231,8702.44
93382,6769.83
86079,38289.18
33730,1580.16
74310,1878.86
81909,1853.04
107631,3124.23
69140,4033.7
84666,4995.72
96586,4160.85
22231,1668.96
121790,5980.45
109859,2067.38
88492,3690.46
112112,5537.73
82454,6106.26
72115,2426.32
34133,2351.75
33900,2503.84
22109,6466.95
22107,6436.7
22108,5267.84
74138,2783.1
122219,1047.38
113953,1616.97
87239,2701.08
109861,1305.71
97633,2708.02
56741,1773.84
119900,5774.12
56679,2336.67
69167,7425.12
114224,2107.24
122911,5509.76
88903,1038.73
120951,2340.46
119756,5454.8
101301,12385.56
109747,4193.2
59261,4092.66
100859,2836.11
110527,1674.96
105265,936.62
61677,4206.56
22287,3069.99
87548,4952.4
87278,1674.18
64253,2024.22
103241,1920.06
59810,5482.9
77480,8049.27
70969,9244.04
97792,2629.53
101506,2591.48
113223,2692.96
97616,1344.36
113324,6581.77
74379,4076.6
97062,1994.97
66898,6598.11
80104,1134.24
67421,1016.48
108637,4997.4
108902,6640.32
114446,6090
70803,2955.33
123049,7840.45
22135,4778.32
125142,2135.62
64332,1825.22
120504,1669.75
89407,2439.52
92041,1182.29
73281,1195.77
84607,1369.02
88763,2353.41
106265,2363.91
33940,6722.67
121189,4235.92
58747,978.57
85504,3245.22
120016,2760.44
121021,2763.24
33913,1058.52
120033,2328.14
59022,1532.3
80569,1340.8
59833,4382.68
61569,4223.84
16966,983.49
120391,2750.48
120030,7354.38
67451,1608.17
119225,5269.72
94545,935.56
81987,9129.88
63514,2489.48
62505,2898.82
119417,1420.27
103693,8459.64
85542,1621.04
57973,3516.44
65756,1102.24
61771,6139.32
70467,5575.38
114561,3207.63
75793,1111.87
103937,1253.03
99360,2118.29
88773,2328.16
97301,7414.35
22267,4630.22
22139,2470.33
61402,4359.27
74071,3366.3
65220,1593.04
70399,2225.38
98741,6797.38
62969,2177.82
106538,2079.04
68879,1041.32
63179,10287.22
115585,6450.7
107518,7481.3
75299,4774.29
60138,1280.12
97292,3497.52
80741,1608.86
101369,996.9
63770,1829.9
79655,1967.04
76295,1987.08
67311,4116.66
73144,1850.58
115536,2875.84
100981,1484.28
106211,5221.88
116298,1460.17
78259,994.5
34118,3448.56
34112,1818.42
43676,1269.42
105643,1976.25
71173,4915.41
117944,1904.49
87501,1470.63
81681,1094.94
97512,4929.06
110456,3848.4
65115,13294.24
114145,9260.67
77059,76533.76
83522,1071.36
119667,3166.8
71031,19065.84
63215,3150.18
60185,4428
124549,2827.2
69490,1440.55
73176,2992.91
124669,1328.94
87014,976.19
90244,18006.94
116855,1683.32
100536,6220.4
120870,2621.92
104319,5880.9
112782,6930.5
43801,2859.63
93406,7032.81
44523,1176.06
113956,1170.54
79967,1533.24
105856,4635.2
118082,986.04
61758,1188.94
95588,1164.42
71594,954.04
94884,2424.99
80787,947.45
87943,1258.03
56977,1622.51
67308,1145.7
97039,1557.84
34119,1581.78
59367,1155.64
33797,3534.16
34120,1393.32
102970,1281.36
106684,2270.12
79984,2172.16
81302,2955.56
106065,5417.91
78397,1982.16
113039,4004.28
33950,12013.85
72514,1123.02
108434,2602.43
69145,6080.36
33835,1773
90251,4564.36
93568,1554.95
81791,3241.74
121747,1587.66
120803,1148.61
98928,5719.56
106126,3215.22
33916,3468.08
71956,7068.48
111267,1374.93
7085,4963.82
75770,3043.98
73584,19890.98
70669,3133.48
123524,1462.08
99429,1770.06
81668,2653.05
61570,8835.6
130458,4764.88
124072,1268.99
123914,1526.14
124088,1663.94
124092,7008.34
108987,1233.53
124079,4509.2
123913,3236.15
124050,8420.76
124057,3310.28
123917,10009.3
130596,2306.94
124003,1148.44
74709,2904.82
130460,1503.79
124040,2344.62
130461,2909.6
124081,1562.72
130600,14106.18
124052,947.24
124054,946.7
130621,5092.8
131706,1246.22
124069,1385.29
131697,959.54
124073,4773.88
110063,1528.12
124078,1730.46
124067,1481.3
123923,2882.44
124060,7543.24
124006,1228.05
124053,4082.64
131736,1566.08
109903,2219.2
124051,10405.9
124059,1003.5
124031,12065.3
124068,1003.5
124049,5443.96
123929,4914.64
124008,1582.72
124096,4718.32
130462,5904.6
124055,946.04
124097,5781.24
124082,3187.52
130459,2176.24
124058,2038.48
124075,8565.54
124070,1773
124011,1582.7
124992,3037.92
124002,1202.35
124065,2252.42
124090,1422.42
124099,1351.01
131733,972.26
124098,2509.18
124066,1044.58
124076,2033.06
124063,3644.54
98791,3287.4
75292,1263.6
102345,2977.56
123390,1032.92
43798,6016.28
33955,1630.54
33941,5442.2
63838,3999.36
88294,4840.24
92832,3623.94
100540,20953.92
71811,4809.04
57563,5307.4
56816,4686
73951,2492.16
86212,1525.95
117193,1718.96
113294,1203.9
65715,3375.08
95875,988.08
33942,12994.38
33949,4377.18
69202,9665.76
116740,4172.84
75470,1134.48
56635,1023.22
90087,1028.61
130576,3474.5
67284,6112.71
132121,3524.73
65500,2957.88
94395,1286.54
58652,10453.74
107838,1073.18
91651,5160.08
76551,981.78
103322,5518.44
116060,4217.18
78727,3984.81
87908,6372.96
58005,7057.43
108098,2142.66
74640,1220.26
96539,2806
70257,1274.66
111874,1146.1
60753,1077.63
60348,6473.13
64922,4700.46
81300,2548.65
94511,1350.88
109573,1280.77
79365,15634.23
130589,1253.14
57859,2727
84020,954.08
97843,1507.32
33834,6346.86
117989,1759.93
91243,3193.64
60730,5562.84
63728,4290.45
95331,7856.94
123990,23496.12
72262,9609.36
71988,7430.22
130582,13782.74
63501,4058.01
83624,1425.12
57395,1279.2
65897,970.33
108195,1373.54
70395,1658.31
81354,11794.94
86076,5820.88
33829,5826.36
33828,1172.61
34241,2236.74
87060,12457.98
65181,24971.12
91166,7289.8
69475,3823.21
112079,6019.02
99535,6982.29
85268,1336.76
96360,4637.25
113276,3855.99
114435,1278.09
96938,10074.98
44925,7522.8
81509,6815.91
101373,2239.64
110411,2169
92124,3910.02
84802,4395.3
77525,5836.6
71865,2188.12
112105,1504.02
110392,7769.78
106061,1369.56
121605,1134.12
66797,1448.04
106489,1405.57
111091,1431.27
78832,1207
56648,2981.84
33984,8569.71
106396,11154
122331,4111.88
3977,1119.5
3978,2479
101513,1589.99
99264,1874.32
62268,1117.96
34007,1788.64
34382,5845.2
109154,1683.42
62546,5258.96
82355,3817.83
102241,4588.22
83098,4246.74
4004,1184.5
34005,4129.79
98115,3697.54
70948,7819.77
80899,5121.15
106081,2003.37
32317,1176.34
34135,1822.02
43762,1948.17
108643,2020.36
91902,5711.14
75504,3934.64
122448,21670.14
33790,3337.96
122468,2974.94
79134,966.08
68175,2778.66
43832,5455.62
33787,4518.88
122478,1628.49
108750,17042.32
121881,932.52
120500,1101.94
121974,1418.98
121777,3391.95
123335,3048.11
118959,1127.04
120467,2167.55
108427,1035.03
121259,1055.31
122343,2851.74
88449,5063.1
117503,2570.9
122917,2411.66
120741,1070.8
122615,1321.16
121003,1053.53
122770,1299.86
36303,974.04
108143,7037.1
33892,10448.94
110251,25515.28
80978,2167.46
34206,3387.99
59473,2341.71
98139,1117.38
43761,1764.9
36287,1177.2
16999,988.2
34220,971.6
43855,2767.2
33788,3645.4
76865,9725.03
70151,2878.02
88899,1262.21
108079,2428.32
108576,1792.2
89889,1215.96
121786,7725.8
59695,4616.3
93687,6610.34
22503,1682.67
56997,2529.32
111609,1161.5
22484,1524.36
70548,6084.12
117353,2791.44
60135,3986.18
88964,7031.46
43854,3102.93
118292,5522.9
103006,5732.3
58777,1098.84
22473,2351.64
34008,1609.34
87538,10561.1
64070,1644.78
71803,4283.71
105474,1293.16
57998,1769.4
96410,2503.21
80420,986.07
69687,4051.38
105435,3088.38
65156,3211.33
16991,950.2
32558,967.14
112585,2499.06
89874,7288
33899,5038.59
78074,1365.16
69714,1312.56
95451,3319.47
43853,1877.92
114293,3289.52
73273,1614.98
117654,14434.24
69689,2421.34
90148,2073.36
65889,6262.34
89220,8946.48
111070,4729.9
100740,5419.82
102855,16459.9
79373,5693.64
62512,1926.98
74199,17198.48
89811,2055.84
87568,3402.54
60362,4764.99
78206,2072.13
4235,2323.38
105614,1272.32
90689,2361.05
94636,5677.68
33896,10193.1
102614,4310.56
63445,3463.72
116228,3918.39
61236,5113.56
72066,2387.76
95848,1631.54
33905,4908.15
68953,10821.9
33791,2245.36
100871,968.78
88961,1985.58
43846,2933.28
67337,7863.72
88253,1013.18
106949,16761.86
34211,3254.72
90033,4501.8
79115,1845.31
17013,1525.24
105376,1957.88
101608,3012.2
84506,25520.58
34207,22087.45
70616,3548.61
33799,2723.46
98854,1202.3
83322,8218.71
62204,2882.7
62986,2857.65
67699,3366.39
68739,2864.97
116498,2793
93445,4077.15
76615,23961.72
90151,1095.54
116442,1671.7
34394,2516.04
61206,1076.51
57822,1937
108923,2008.64
70858,2422.38
96297,2468.13
65955,1419.27
71734,4047.9
33792,2388
123401,2422.87
34111,1423.29
94055,1868.19
34086,1957.52
34088,1563.78
64636,1785.54
123644,11849.79
22236,931.23
101457,4992.48
43896,1887.9
34091,996.89
34093,1928.38
93463,4583.84
68212,17387.8
4982,2668.75
109574,1935.9
7186,1234.72
84342,4034
73292,1732.92
33806,3981.57
34017,1993.52
34018,7013.28
34016,26805.44
32830,954.94
74406,4660.32
120924,5551.04
78587,1609.64
34150,2153.67
43882,4217.68
85263,6206.37
43755,2968.84
43876,2412.24
33926,1364.27
103318,11383.38
34081,993.99
118182,4887.56
66176,1757.5
64601,4536.63
85389,994.06
32492,990.69
103644,972.24
33985,4294.98
72876,1121.01
33823,8490.8
75863,17116.35
79955,1053.18
123763,1190.1
94082,9888.76
83858,1451.06
97728,1813.28
71907,1498.85
34080,1082.56
67578,3961.44
69385,1878.06
43571,1029.78
36401,1294.8
34213,1672.29
62961,3613.68
34397,1582.05
34320,1037.61
102069,2235.42
43883,2170.36
116838,4666.36
102737,5744.6
61177,2982.55
66374,1712.82
33891,6253.28
118796,1303.52
33805,2211.63
116415,1101.94
57870,4054.46
88966,1939.16
34223,2916.45
34208,1200.33
65411,996.32
34214,3972.96
33836,1553.91
113284,18398.16
80967,10993.48
115679,2046.48
72209,7908.18
34144,2956.13
97591,1609.74
95637,1765.49
63227,3446.04
33872,3480.38
62658,17636.22
114943,9707
34218,2737.58
117204,3285.6
92364,3272.92
34146,2735.16
34212,1269.32
36630,958.38
93474,4944.06
67602,1279.38
70802,4730.16
18004,1395.27
84677,3318.6
33938,5810.12
33800,3784.08
34147,1388.36
79198,3294.96
74011,1441.86
115321,1410.51
79640,1413.6
67457,4984.14
67108,12150.24
80717,1384.04
33801,2975.6
33854,11286.68
65452,2153.76
33804,2225.01
34151,1164.27
66153,1780.2
70584,1677.21
59602,1030.13
114713,1089.68
33937,5540.88
33810,3214.56
34224,1300.48
34400,3725.94
33802,1866.63
33853,15066.7
34239,1152.57
44764,2290.08
22329,5304.28
64370,1360.12
43753,940.47
36532,962.97
34222,2003.94
34149,1962.84
104680,2418.63
77645,1891.52
57245,2956.49
34401,1204.16
66600,4801.7
123450,1843.28
117542,9447.56
92863,8518.8
87797,1363.86
34219,6426.28
33803,3444.88
33871,2719.29
34242,2536.98
33936,2854.89
33870,3706.89
22028,5227.66
22029,5830.5
88082,1367.24
34215,1409.7
17005,6389.84
86891,1039.44
70717,4619.28
33865,2495.85
33867,2686.32
113929,1978.83
99234,1157.25
22027,2975.82
34122,3815.92
26996,2779.14
99479,2287
108906,1664.01
71085,1623.57
95525,1636.86
33786,1447.47
76627,3523.02
22176,2881.24
51602,1275
5431,1149.38
81349,1425.92
59718,1337.49
44765,2028.8
89485,8459.28
100570,2393.56
34336,4541.62
93241,1241.45
43880,1330.71
34167,1239.6
44522,4472.51
137254,2212.31
33990,3102.69
22031,5163.4
34064,2945.08
5004,1403.24
22030,4779.48
34060,1932.45
34176,3358.56
80647,949.46
100721,1126.62
107366,1437.22
74219,1233.34
86872,11375.4
34340,1931.44
34342,1902.86
34387,2261.01
59765,1913.1
80289,3470.22
76331,1254.24
22033,4139.08
44064,4020.12
31992,1448.46
71951,3033.28
43879,2041.08
22422,5915.72
22478,1820.61
33889,1444.2
33887,7801.85
33888,12804.3
117955,1289.48
33876,7754
137290,15802.9
94069,1520.32
34170,6986.16
22012,13416.8
115152,1546.77
60603,2172.87
88878,3400.72
34363,8914.55
60403,2020.79
34372,1273.34
102915,996.64
44471,1422.45
44472,1473.33
108345,1194.84
22087,1990.67
73706,3134.88
104337,2167.44
112335,1776.63
102067,2369.88
112625,1827.57
132800,1107.63
103169,1274.92
62286,3508.32
123727,8616.96
104027,5396.16
34063,3704.7
99150,3154.6
34173,1031.92
34172,4458.15
34174,2461.04
34370,7336.56
33813,931.62
101641,2888.16
20017,972.42
33882,4470.06
34349,983.61
22026,1592.38
121196,8534
90504,1775.46
89998,8377.98
107614,1395.75
36546,1017.81
107128,1155.68
132781,993.87
34283,14259.94
34352,6775.02
33879,3173
122908,4820.94
82489,1439.4
39933,2726.54
34152,6748.55
97495,1189.6
34346,2359.24
33880,6457.36
33878,7769.1
101764,3779.73
96526,3754.11
34339,2217
33881,1274.78
112464,1614.9
71762,952.68
114202,1131.31
34041,1581.8
97378,2865.12
133734,1228.7
133751,1594.83
133747,1760.06
133746,1158.4
133748,1004.84
133750,1113.41
76377,5823.22
44521,9070.45
34247,1614.4
30334,2499.02
22235,1359.76
22032,5075.08
34350,7201.5
69933,1109.96
34153,12520.8
133503,1610.37
133502,1037.28
96413,4181.32
32625,1461
111823,2145.42
133581,2955.96
34338,1095.3
22470,2189.74
135265,5144.1
80324,1666.65
109325,4995.16
139786,1259.74
33822,1271.04
33847,2227.83
104834,1873.16
34058,1463.51
22000,3410.3
21946,3298.28
21969,5187.04
104041,2305.42
62208,8495.44
59034,1678.92
22434,2780.76
104960,1969.99
133454,1859.38
135115,1718.79
133452,2550.51
133446,4248.3
43885,2476.68
85330,4107.28
101662,1134.9
68326,1073.23
140325,1060.09
133771,1531.36
76885,1595.22
87126,2707.52
138964,2801.92
111998,2645.81
34313,1939.83
103237,13546.9
100700,2436.06
62230,2287.12
33824,4223.36
90271,4111.83
99028,2366.42
63743,2200.35
61892,6578.98
105936,1357.84
133642,1184.54
133643,1371.3
75656,1256.4
133804,8990.86
138856,1220.62
76996,30599.3
33890,2130.72
98534,4766.8
74415,5057.84
98138,1242.17
73459,1360.8
107491,1782.36
100783,2431.15
113497,2416.1
78495,3410.62
117864,2102.74
86804,2550.49
114594,1218.16
110893,1394.77
107423,1164.04
77975,4037.08
34031,8020.29
72170,3908.16
123030,20325.28
34351,1067.82
85348,2364.17
107905,1120.41
57597,1097.54
109521,2162.82
62435,1223.67
60344,1030.06
84277,4833.7
112544,3723.69
62921,1712.96
97953,2155.81
34246,7019.82
134014,1073.58
81312,24009.09
22388,5447.25
22387,5216.2
135404,1180.34
133784,14558.76
21942,1004.82
21943,3658.88
82733,1494.12
62495,6112.56
95546,1711.44
73574,1157.62
100618,2039.1
113875,5729.88
60310,2091.72
80982,980.8
78224,1422.06
74627,3029.88
92608,19200.44
85716,2097.09
63283,953.58
69558,2271.88
69306,935.04
71060,1402.34
57082,1614.46
88789,10619.94
63471,6631.72
74022,2206.3
110318,4496.7
101515,1757.94
34029,60570.7
122745,1117.92
65193,18123.57
111064,13185.3
90539,5548.17
21928,1028.34
115382,5020.6
44170,1401.24
23489,1914.52
75649,5718.39
116678,1759.86
96806,10574.08
86979,1324.82
98522,4178.87
117434,3343.98
70321,3164.66
111749,3756
63155,2264.61
110005,1218.49
84842,2106.39
91178,2456.64
34097,2469.3
43702,4591.88
136166,1564.4
71223,1741.14
116018,959.36
44487,1777.41
73057,2985.6
44474,5488.6
22440,2358.78
22441,1958.28
60577,2419.02
72776,13541.04
34045,2477.08
44076,3461
43892,2503.65
70249,1848.54
74339,4715.05
44518,3135.6
109495,1275.13
133756,930.33
91326,1669.5
104087,4445.64
82791,15112.72
43898,2066.16
44070,2278.4
22494,2950.97
22173,1381.82
123001,2184.65
121173,2249.26
44177,4234.4
113944,1868
119864,2345.4
73166,1196.8
122429,11576.82
87259,4705.52
109658,7138.5
44069,4576.48
44065,3374.2
44479,22117.12
22442,10207.2
97296,2549.32
36456,1236.84
22365,2967.6
22367,1017.34
44446,7617.24
43779,1664.01
22435,8137.92
60010,1004.05
92237,946.04
44495,2003.96
22406,6236.64
44519,1238.22
88928,2119.9
21936,1261.21
113439,9799.02
97330,4116.36
44075,8015.52
82706,6106.64
44486,17847.09
107792,6729.92
91971,4097.32
91459,1352.79
34186,1354.16
22066,1813.44
68480,14184.96
87384,3282.09
76746,4774.1
122496,2699.96
20447,1222.5
111389,4073.44
51780,5739.12
961,2424
965,1396.5
44496,3830.92
89974,10250.59
83329,6290.4
59792,1026.57
101788,4712.7
43728,2179.76
34316,3806.69
36511,1309.2
77984,1293.7
44478,13238.82
21934,3023.34
111100,8511.8
22065,12040.96
66267,14067.48
34100,986.14
21935,6523.72
100271,1886.8
44476,27717.36
123775,1588.74
123264,1623.71
111546,1115.33
68415,1354.98
73914,8558.46
118402,1351.76
86481,3200.16
21994,6899.42
104085,6605.1
62416,5297.1
57863,18056.5
57773,6714.96
99484,4787.4
44067,1537.6
98616,2535.77
22064,1358.71
22425,6215.05
85005,3565.28
101425,6448.63
32007,2697.92
34270,2361.39
22024,3388.68
44182,2664.76
88554,987.15
110512,1262.1
44171,3755.25
69309,4646.62
61909,4502.79
82774,6757.06
11265,1891.38
106884,1609.96
114736,1088.04
61347,2151.26
90556,1083.07
22349,3140.22
116255,1198.48
64015,1233.66
34098,1852.89
34096,2615.08
89761,1283.67
64354,1504.56
34389,2341.39
43774,3700.95
44525,5849.28
44516,14042.07
22362,988.92
22361,2165.16
92282,10077.06
22390,3338.04
97336,3245.71
113210,1499.62
104219,3313.61
69984,1034.92
63499,1320.3
22385,3254.58
21993,2743.98
44481,4127.76
88339,9961.44
106240,3913.32
109101,3260.84
130267,4642.4
130266,4519.1
130265,1028.54
113274,1558.68
89504,1243.83
68611,1728.33
22350,2993.82
81199,1322.48
63475,10087.2
72964,1013.84
56982,3953.84
61401,3226.33
100504,2322.28
103643,5996.85
117912,5211.55
51812,1749.54
44477,10912.16
95960,1208.31
114415,4655.52
21992,2697.33
51819,1889.22
22351,2535.35
22306,1273.64
44175,1599.12
68826,1046.58
51817,1854.64
96900,8613.09
22363,1158.74
33975,6587.92
51818,963.14
105735,6188.65
21990,13443.59
65931,5430.6
81120,3394.8
61342,1522.94
63991,1003.76
92997,2204.74
97691,1174.75
107795,1496.28
72187,2064.89
44046,6660.35
21916,1062.49
44634,24418.1
99315,2187.03
112676,2847.4
109297,5886.75
83718,3290.32
111058,2234.94
92249,1941.21
10055,1232.07
44398,998.37
44448,5589.48
80869,2866.95
68084,1004.34
60817,3300.62
113263,6964.84
73959,4039.58
43722,1732.38
34169,6270.3
51805,1319.67
44517,57583.8
33973,1230.52
44484,4210.04
39241,1880.82
44497,16286.34
22497,988.43
42490,1076.28
44072,4646.68
74722,2046.1
78139,3806.92
44447,1757.36
21958,5576.04
44457,2616.69
39233,1851.51
44021,1245.56
44773,16812.7
78107,2431.74
22873,1610.79
24803,1360.32
43723,1488.27
52028,4484.85
129274,1673.2
43775,3373.72
44465,1730.92
21962,4063.8
22461,999.91
44449,1493.68
44020,4158.69
44071,2286.42
65231,2668.92
43836,3279.64
129100,1232.61
21961,6626.25
89758,3664.5
44653,4443.3
44531,3866.44
44591,2283.6
44137,4252.84
52082,1861.86
43776,8152.92
44073,1059.6
83889,1562.73
21960,3078.78
21991,10119.32
52033,2581.23
75373,2260.44
22479,1493.8
110135,5502.36
57591,1556.72
51784,3262.08
87138,9248.96
51830,3197.97
44008,995.48
51792,931.21
51809,1906.03
44172,8839.7
51773,2420.96
83000,8472.72
21927,12056.68
52060,2076.21
43996,5046.6
44451,3145.24
44633,8892.04
51829,3225.09
52088,2167.86
80228,4529.65
43998,2408.16
74742,7733.6
52077,6607.14
96150,2781.66
44529,5464.74
59019,2765.88
52001,4395.44
44007,3249.06
21971,4592.31
44045,5355.84
43748,3041.12
112459,11352.24
67637,1838.46
51768,5486.97
51913,14156.94
79937,14107.5
44074,13337.88
44452,2211.2
57476,4066.77
92188,3350.55
44004,1480.6
112406,4560.62
51673,976.12
22061,2325.96
22505,3358.22
100490,5568.12
110681,2335.47
44515,4118.84
44437,15029.44
43724,2296.6
34171,6545.25
22034,10129.77
57768,973.04
111144,979.4
43749,2215.36
44450,5014.1
129200,5370.88
104508,1451.64
86571,2781.58
43750,1730.46
44178,2524.44
52108,4082.94
22469,1880.82
44588,1390.34
51828,5466.15
21920,6351.38
44469,1194.42
51980,1939.23
51787,1820.25
22062,1238.52
122409,3812.76
58958,1696.59
51986,1115.1
22035,10659.84
44063,8458.32
94779,1762
44530,17359.7
22063,3558.1
44645,1657.4
43997,8171.2
23605,1479.36
22020,6401.4
52050,7281.24
21970,5466
50557,1452.89
73937,1192.96
85270,8472.6
22060,1997.5
70240,2509.52
116428,3172.36
22038,3390.88
52025,3151.68
86192,9222
51826,2210.88
21968,4452.18
51775,3439.93
88639,1681.44
50576,1363.85
50572,1320.47
34202,2338.95
22059,1231.02
61825,3089.37
70840,5766.85
52019,7115.52
69729,5932.02
51824,2629.56
51670,1773.36
39238,2259
77904,932.49
43752,5336.45
22047,1698.66
22318,1156.64
44459,2317.4
106968,968.9
21987,2863.5
22046,1097.49
98535,1523.82
118394,5245.64
21922,5397.06
22044,2025.48
31981,2287.91
103404,1831.66
115651,1322.62
67914,4885.88
52023,3907.02
73234,5586.52
77848,1294.78
43790,1527.3
63877,5735.01
44659,2925.96
44250,2327.6
110089,3896.82
44630,1556.33
82334,2734.29
44438,3208.68
44542,9577.04
43919,1483.2
22017,6543.24
36343,1051.02
44468,1005.21
34591,976.62
43757,1988.6
44611,1469.64
44391,5173.08
43725,2306.96
86789,4084.96
44015,5012.32
34573,1055.49
44910,2105.58
44249,1805.97
44658,4978.86
44528,3916.26
90962,1151.78
33972,6481.56
51807,3948.27
34395,23540.4
50247,2245.23
44369,12869.88
44365,3814.29
52188,3762.56
43760,1729.35
34583,1249.83
43717,2321.08
44533,2094.68
42648,995.43
22403,13970.82
43900,5647.8
44536,1262.56
44252,1530
44612,4252.9
43781,1133.49
44251,1484.82
43833,7326.76
44957,1934.64
44018,6074.3
121650,12267.66
43726,1347.09
63611,6534.06
60295,4350.44
116353,1179.68
43894,1829.28
56237,1489.8
44364,2704.72
51810,3226.12
51823,1391.6
51821,1980.07
64537,3746.56
56256,1640.05
81767,2647.38
44122,4463.91
44599,1275.92
36469,1026.54
44062,6321.92
44538,1808.04
128770,2024.49
44610,1936.47
44605,3115.28
44606,2646.96
43899,2953.29
68269,2739.81
43902,2084.04
22149,1594.78
44048,5066.12
43901,2423.64
22080,1232.17
22082,4888.38
111275,5807.72
21980,1278.96
114636,2142.36
68511,2152.76
22500,1594.62
51822,939.38
111601,4560.06
95820,2933.28
61349,2039.7
106237,2069.56
71209,2112.34
113683,3415.59
83371,3174.06
85988,6015.7
101501,2979.74
100129,1897.08
71001,3823.38
92472,2266.34
44609,1281.02
113997,1480.26
34034,1747.14
34143,1402.81
43778,2413.16
44019,1409.07
44537,5254.55
44602,2433.65
110475,11523.04
34589,1107.26
101968,3857.16
44111,1211.26
43904,3398.1
44746,2380.89
44470,3773.56
22454,1674.73
44259,6572.44
53140,1715.36
53138,1093.82
52125,4790.58
52135,2890.08
87835,1811.48
91004,1734.3
112689,2267.42
112995,1498.99
58464,1546.88
56519,1442.84
86049,3553.7
117578,1310.7
90215,1153.66
57836,1484.54
74095,2252.38
43838,2292.8
52116,2912.34
116794,27442.8
43897,4217.88
53425,4718.19
111542,2747.1
105250,2264.88
22431,8195.9
44686,8108.16
22167,1485.91
53856,948.62
44933,10572.63
53778,4098.88
52299,958.92
43703,3731.44
52143,1760.52
22485,1114.1
44886,1098.14
53823,1934.85
53790,2220.84
53662,1948.78
53676,2785.28
53822,1331.32
53787,2132.98
44254,2433.6
72477,1800.78
53666,1223.44
53818,1369.6
44596,2792.49
43704,1846.86
22054,4090.84
22358,4056.95
22359,963.76
44614,1089.42
44692,1188.45
43903,2168.82
100305,2534.8
53813,5135.4
53814,1306.34
53764,1409.68
53763,936.32
44540,1321.62
43669,1337.8
102040,2847.97
12302,1364.91
12301,3945.63
54321,23465.54
88712,7140.08
54051,4101.5
53761,1341.18
66165,3992.04
54192,1271.12
54314,2464.78
54315,2126.04
54191,1914.99
54114,1726.35
54316,6126.68
71669,10396.88
54320,944.24
54310,4501.05
54135,1381.98
46684,10829.59
50539,18982.96
54182,1789.59
54284,1097.18
46681,4021.02
111653,2796.8
46901,1439.82
54287,4117.36
54187,1587.27
54134,2779.98
54126,1997.79
54127,1283.08
54188,1548.4
60903,11214.54
54147,3085.24
54171,2930.88
100492,1848.33
54176,1669.59
89553,5430.16
82975,6088.56
54175,2184.24
116444,1904.18
48354,1505.96
48357,2675.54
48359,9280.88
53863,3130.08
56521,5637.74
48358,2465.76
53862,11785.86
50249,42091.17
48351,4561.26
49919,3475.5
48353,1142.1
48355,1421.26
54163,2168.61
54173,1708.89
54170,2419.14
54172,1860.93
54162,1915.48
54297,1666.77
54166,1714.05
54161,2351.64
71037,14207.92
54280,1793.37
44893,8611.16
84532,3208.25
44428,2752.88
76589,1622.96
77109,1567.32
57884,1340.18
122281,10291.82
118674,1775.34
79815,1097.26
3419,1930.74
22106,1563.2
61483,2988.2
37168,1038.54
106034,1540.64
115804,3067.68
85934,10065.09
123086,1858.38
123729,1858.35
121497,5976.36
119463,1081.66
120186,1858.35
120972,1727.46
137622,2474.84
9999,50000
9998,100000
18751,1098.98
123494,22659.6
120037,1594.96
120845,3813.84
123485,1628.74
119911,1144.46